Linha;Vista;Empresa
1;PRAÇA GENERAL OSÓRIO X PRAÇA MAUÁ (CIRCULAR);POOL: Real - Recreio - Normandy - Consórcio Intersul
6;SILVESTRE X CASTELO (CIRCULAR);Transurb
SE006;SE-SILVESTRE X CASTELO(CIRCULAR);Transurb
SN006;SN - CASTELO X SANTA TERESA (CIRCULAR);Transurb
7;SILVESTRE X CENTRAL (CIRCULAR);POOL: Transurb - Transurb
LECD7;LECD7- RECREIO X CARIOCA;POOL: Recreio - Redentor
LECD09;JARDIM PALMARES X SANTA CRUZ (CIRCULAR);Palmares
10;FATIMA X CENTRAL (CIRCULAR);POOL: Transurb - Transurb
LECD10;CURICICA(PROJAC) X RIOSUL(V.BARRA DA TIJUCA)CIRC.;Redentor
11;RODOVIARIA X CASTELO (CIRCULAR);Transurb
LECD13;FREGUESIA X JOATINGA (V. RIO DAS PEDRAS)CIRCULAR;Barra
14;PAULA MATOS X CASTELO (CIRCULAR);Transurb
SE014;SE - PAULA MATOS X CASTELO(CIRCULAR);Transurb
LECD14;PINGO D`AGUA X PACIENCIA(V.EST.31 DE OUTUBRO)CIRC;Jabour
LECD16;RIO DAS PEDRASXILHA PURA(V.AV.ABELARDO BUENO)CIRC.;Redentor
LECD17;MARAMBAIA X CASTELO(V.BARRA DA TIJUCA/COPACABANA);Recreio
LECD19;SEPETIBA X CARIOCA (VIA T. PREF. MARCELLO ALENCAR);Recreio
LECD20;SEPETIBA X BANGU;Consórcio Santa Cruz
LECD21;LECD21 - RIO COMPRIDO X LARGO DO MACHADO (VIA LAPA/CATETE)CIRCULAR;Alpha
LECD22;LECD22- CIDADE DE DEUS X CANDELÁRIA (VIA AV. MENEZES CORTES);Litoral Rio
LECD23;LECD23 - FREGUESIA X MADUREIRA (VIA CASCADURA) CIRCULAR;Futuro
LECD24;LECD24 - CASACADURA X JARDIM OCEÂNICO (VIA LINHA AMARELA/FREGUESIA/RIO DAS PEDRAS);Futuro
100;TRONCAL 1 - GAL. OSÓRIO X CENTRAL(VIA N.S.COPACABANA/ATERRO DO FLAMENGO);POOL: Real - Graças
TR0NCAL 01;;
101;TRONCAL 10-JD.DE ALAH X CRUZ VERMELHA(VIA J.BOTANICO/LAPA);POOL: São Silvestre - Consórcio Intersul - Braso Lisboa - Consórcio Intersul - Graças
TR0NCAL 1;;
102;TRONCAL 2 - JD. DE ALAH X RODOVIARIA (VIA LAPA);POOL: São Silvestre - Estrela Azul - Vila Isabel - Braso Lisboa
TR0NCAL 02;;
104;TRONCAL 4 - SÃO CONRADO X RODOVIÁRIA (V.AV.N.S.COPACABANA/CATETE/AV. F. BICALHO);POOL: Real - Gire
TR0NCAL 04;;
105;TRONCAL 5-ALTO GAVEAXCENTRAL(V.BOTAFOGO/P.FLAMENGO/P.DE MARÇO);POOL: Transurb - Transurb - Real - Real
TR0NCAL 05;;
106;TRONCAL 3 - CENTRALXLEBLON(V.ATERRO/AV.N.S.COPACABANA)CIRCULAR;POOL: Real - Graças - Alpha
TR0NCAL 03;;
107;CENTRAL X URCA (CIRCULAR);Gire
108;TRONCAL 6 - JARDIM DE ALAH X RODOVIARIA(VIA TÚNEL VELHO/TÚNEL SANTA BÁRBARA);POOL: Real - São Silvestre
TR0NCAL 06;;
109;TRONCAL 9 - S. CONRADO X CENTRAL(V.J.BOTANICO/T.STA.BARBARA);POOL: Real - Real
TR0NCAL 09;;
110;RODOVIARIA X JD.DE ALAH (VIA T.REBOUCAS) CIRCULAR;Real
111;CENTRAL X JD.DE ALAH(V.ELEVADO/T.REBOUCAS)CIRCULAR;POOL: Real - Real
112;RODOVIARIA X ALTO DA GAVEA(V.T.REBOUCAS)CIRCULAR;POOL: Alpha - Alpha - Real
117;TRONCAL 7 - CENTRAL X COSME VELHO(VIA T. SANTA BARBARA);POOL: São Silvestre - Transurb - Alpha
TR0NCAL 07;;
118;TRONCAL 8 - COSME VELHO X RODOVIARIA(VIA PÇA. MAUA);POOL: São Silvestre - Estrela Azul - Transurb - Estrela Azul
TR0NCAL 08;;
133;LARGO DO MACHADO X RODOVIARIA (VIA ESTACIO);São Silvestre
181;RODOVIARIA X SAO CONRADO (VIA LINHA AMARELA) CIRCULAR;Real
201;SANTA ALEXANDRINA X CASTELO (VIA LAPA)CIRCULAR;Alpha
202;RIO COMPRIDO X CASTELO (CIRCULAR);Alpha
209;ESTACIO X CAJU (VIA SAO CRISTOVAO) - CIRCULAR;POOL: Braso Lisboa - Braso Lisboa
210;CAJU X CANDELÁRIA (CIRCULAR);POOL: Braso Lisboa - Braso Lisboa
213;MUDA X CANDELÁRIA (CIRCULAR);POOL: Alpha - Alpha
217;ANDARAI X CARIOCA (CIRCULAR);Graças
218;VILA ISABEL X CANDELARIA(CIRCULAR);POOL: Vila Isabel - Vila Isabel - Vila Isabel
220;USINA X CANDELARIA (VIA HADDOCK LOBO)-CIRCULAR;POOL: Tijuca - Tijuca
222;VILA ISABEL X PCA.MAUA(V.HOSP. DOS SERVIDORES)CIRC;Vila Isabel
226;GRAJAU X CARIOCA (CIRCULAR);Tijuca
229;USINA X CASTELO (CIRCULAR);POOL: Tijuca - Tijuca
232;LINS X CASTELO (VIA RUA AQUIDABA)CIRCULAR;Matias
SE232;SE - LINS X LEME(CIRCULAR);Matias
SV232;SV - LINS XCASTELO(CIRCULAR);Matias
SPA232;SPA - ENGENHO NOVO X CASTELO(CIRCULAR);Matias
SPB232;SPB - LINS X CASTELO(CIRCULAR);Matias
238;AGUA SANTA X CASTELO (CIRCULAR);POOL: Viacao Verdun S/A - Viacao Verdun S/A - Viacao Verdun S/A
239;AGUA SANTA X CASTELO (VIA 24 DE MAIO) CIRCULAR;POOL: Viacao Verdun S/A - Viacao Verdun S/A - Viacao Verdun S/A
247;CAMARISTA MEIER X PASSEIO (CIRCULAR);POOL: Viacao Verdun S/A - Viacao Verdun S/A - Viacao Verdun S/A
SP247;SP - CAMARISTA MEIER X CANDELÁRIA(CIRCULAR);Viacao Verdun S/A
249;AGUA SANTA X CARIOCA (CIRCULAR);POOL: Matias - Matias
SV249;SV-AGUA SANTAXCARIOCA(CIRCULAR);Matias
SP249;SP - AGUA SANTA X CANDELARIA (CIRCULAR);Matias
254;MADUREIRA X CANDELÁRIA;Acari
SP254;SP - PRACA AVAI XCANDELÁRIA;Acari
265;MARECHAL HERMES X CASTELO (CIRCULAR);POOL: Pavunense - Estrela - Novacap - Caprichosa - Três Amigos
SV265;SV - MARECHAL HERMES X CASTELO (VIA PARQUE MADUREIRA)CIRCULAR;POOL: Pavunense - Estrela - Novacap - Caprichosa - Três Amigos
275;MEIER X CANDELÁRIA (CIRCULAR);Braso Lisboa
277;ROCHA MIRANDA X CANDELÁRIA (V.SAO CRISTOVAO) CIRCULAR;Acari
284;OLARIA X CANDELARIA (CIRCULAR);POOL: VG - VG
292;ENGENHO DA RAINHA X CASTELO(CIRCULAR);POOL: Estrela Azul - Estrela Azul - Estrela Azul
SP292;SP - ENGENHO DA RAINHA X CANDELARIA(CIRCULAR);Estrela Azul
296;IRAJA X CASTELO;Pavunense
298;ACARI X CASTELO;Pavunense
SPA298;SPA - CAVALCANTI X CASTELO;Pavunense
SPB298;SPB - CONJUNTO DOS CORREIOS X CASTELO;Pavunense
SPC298;SPC - TURIACU X CASTELO;Pavunense
300;SULACAP X CANDELARIA;Vila Real
SR300;SR -SULACAP X CANDELARIA;Vila Real
SV300;SV - SULACAP X CANDELARIA(V.ESTRADA DO FONTINHA);Vila Real
SN300;SN - SULACAP X CANDELARIA;Vila Real
301;RODOVIARIA X BARRA DA TIJUCA (VIA.AV DAS AMERICAS);POOL: Tijuca - Tijuca
SV301;SV - RODOVIARIAXB.DA TIJUCA(V.HOSP.LOURENCO JORGE);Tijuca
302;RODOVIARIA X ALVORADA(VIA AV. LUCIO COSTA);POOL: Tijuca - Tijuca
303;RODOVIARIA X BARRA DA TIJUCA(V.L.AMARELA) CIRCULAR;Tijuca
306;PRACA SECA X CASTELO(VIA AV. MENEZES CORTES);POOL: Redentor - Redentor
SP306;SP-PCA SECA X CANDELARIA(V. AV. MENEZES CORTES)CIR;Redentor
309;ALVORADA X CENTRAL(VIA AV.LÚCIO COSTA/BOTAFOGO/PRAIA DO FLAMENGO);Real
SV309;SV - ALVORADA X CENTRAL (VIA AV. LÚCIO COSTA/BOTAFOGO/LARGO DO MACHADO);Real
310;ENGENHO DA RAINHA X CANDELÁRIA;Estrela Azul
311;ENGENHEIRO LEAL X CANDELÁRIA (V. CAVALCANTI);Estrela Azul
SP311;SP - DEL CASTILHO X CANDELÁRIA;Estrela Azul
312;OLARIA X CANDELARIA (VIA SAO CRISTOVAO) CIRCULAR;Lourdes
SP312;SP - RAMOS X CANDELARIA (VIA SAO CRISTOVAO) CIRC.;Lourdes
313;PENHA(GROTAO) X PCA TIRADENTES (V.V CRUZEIRO)CIRC.;Lourdes
315;CENTRAL X RECREIO DOS BANDEIRANTES(VIA L. AMARELA);POOL: Transportes Santa Maria Ltda. - Caprichosa - Litoral Rio - Redentor - Real - Tijuca - Três Amigos
320;PARQUE UNIAO X CANDELÁRIA;Paranapuan
321;BANCARIOS X CASTELO (VIA LINHA VERMELHA) CIRCULAR;POOL: Ideal - Ideal
322;RIBEIRA X CANDELÁRIA(VIA COCOTA);Paranapuan
SV322;SV - RIBEIRA X CANDELÁRIA(V.CID.UNIVERSITÁRIA));Paranapuan
SP322;SP - PORTUGUESA X CANDELÁRIA;Paranapuan
323;BANANAL X CASTELO (V.CACUIA/L.VERMELHA)CIRCULAR;POOL: Paranapuan - Paranapuan - Paranapuan
324;RIBEIRA X CANDELÁRIA;Ideal
SVB324;SVB - RIBEIRA X CANDELÁRIA (VIA AIRJ);Ideal
SVA324;SVA - RIBEIRA X CANDELÁRIA (VIA CID.UNIVERSITÁRIA));Ideal
325;RIBEIRA X CASTELO(VIA LINHA VERMELHA)CIRCULAR;Ideal
326;BANCARIOS X CANDELÁRIA;Ideal
SVA326;SVA - BANCARIOS X CANDELÁRIA (VIA AIRJ);Ideal
SVB326;SVB - BANCARIOS X CANDELÁRIA(V. C. UNIVERSITARIA);Ideal
SP326;SP - PORTUGUESA X CANDELARIA;Ideal
327;RIBEIRA X CASTELO (VIA LINHA VERMELHA) CIRCULAR;Paranapuan
328;BANANAL X CANDELÁRIA;POOL: Paranapuan - Paranapuan - Paranapuan
SV328;SV - BANANAL X CANDELÁRIA (VIA CIDADE UNIVERSITARIA);Paranapuan
329;BANCARIOS X CANDELÁRIA (VIA PRAIA DA ROSA);Ideal
330;PQUE.UNIÃO X CANDELÁRIA;Ideal
331;PRACA SECA X CASTELO(VIA LINHA AMARELA);POOL: Redentor - Redentor
334;CORDOVIL X INTO (V.PCA DAS NACOES) CIRCULAR;Gire
SP334;SP - BRAS DE PINA X INTO;Gire
335;CORDOVIL X TIRADENTES(RAPIDO) CIRCULAR;Gire
SR335;SR - CORDOVIL X P. TIRADENTES(V.BRAS PINA)RAP.CIRC;Gire
SV335;SV - BRAS DE PINA X PRAÇA TIRADENTES (RAPIDO)CIRCULAR;Gire
338;TAQUARA X CANDELÁRIA(VIA LINHA AMARELA);Barra
339;RODOVIARIA X CIDADE DE DEUS (VIA LINHA AMARELA);Redentor
341;TAQUARA X CANDELÁRIA;POOL: Barra - Barra
SP341;SP - FREGUESIA X CANDELÁRIA;Barra
342;JARDIM AMERICA X CASTELO;POOL: Pavunense - Pavunense
SR342;SR - JARDIM AMERICA X CASTELO (RAPIDO);Pavunense
SV342;SV - JARDIM AMERICA X CASTELO(V. PARADA DE LUCAS);Pavunense
343;JARDIM OCEÂNICO X CANDELÁRIA (VIA LINHA AMARELA);POOL: Futuro - Futuro
SP343;SP - RIO DAS PEDRAS X CANDELARIA;Futuro
344;ROCHA MIRANDA X CASTELO (CIRCULAR);Madureira Candelária
345;JARDIM OCEÂNICO X CANDELÁRIA (VIA ALTO DA BOA VISTA);Tijuca
346;MADUREIRA X CANDELARIA;Futuro
348;RIOCENTRO X CANDELÁRIA (V.L. AMARELA) CIRC.;POOL: Redentor - Redentor - Redentor
349;ROCHA MIRANDA X CASTELO (CIRCULAR);Madureira Candelária
SR349;SR - ROCHA MIRANDA X CASTELO (RAPIDO-CIRCULAR);Madureira Candelária
SPA349;SPA - PARQUE JARDIM VISTA ALEGRE X CASTELO(CIRCULAR);Madureira Candelária
SPB349;SPB - PRACA HONORIO GURGEL X CASTELO(CIRCULAR);Madureira Candelária
350;IRAJA X PASSEIO;Rubanil
SR350;SR - IRAJA X PASSEIO (RAPIDO);Rubanil
SPA350;SPA- IRAJA X PASSEIO (RAPIDO);Rubanil
SPB350;SPB- IRAJA X CANDELARIA(CIRCULAR);Rubanil
351;IRAJA X CANDELÁRIA (RAPIDO);Rubanil
352;RIO CENTRO X CANDELÁRIA(VIA AUTODROMO/L.AMARELA);POOL: Redentor - Redentor
SP352;SP-RIO CENTROX INTO(V.ABELARDO BUENO/L.AMARELA)CIR;Redentor
353;PÇA. SECA X RODOVIARIA;Redentor
355;MADUREIRA X PRACA TIRADENTES (CIRCULAR);Madureira Candelária
SR355;SR - MADUREIRA X PRACA TIRADENTES(CIRCULAR);Madureira Candelária
SPA355;SPA - VAZ LOBO X PRACA TIRADENTES(CIRCULAR);Madureira Candelária
SPB355;SPB - VICENTE DE CARVALHO X PRACA TIRADENTES(CIRCULAR);Madureira Candelária
SPC355;SPC - VILA KOSMOS X PRACA TIRADENTES(CIRCULAR);Madureira Candelária
SPD355;SPD - VILA KOSMOS X PRACA TIRADENTES(V.AV.MERITI)CIRCULAR;Madureira Candelária
358;COSMOS X CANDELARIA;Consórcio Santa Cruz
361;RECREIO DOS BANDEIRANTES X CASTELO(VIA L.AMARELA);POOL: Redentor - Redentor
362;HONORIO GURGEL X CASTELO - CIRC.;POOL: Vila Real - Vila Real - Vila Real
SR362;SR - HONORIO GURGEL X CASTELO (RAPIDO) CIRCULAR;Vila Real
SPA362;SPA - BAIRRO UNIAO X CASTELO (CIRCULAR);Vila Real
SPB362;SPB - COELHO NETO X CASTELO (CIRCULAR);Vila Real
SPC362;SPC - VILA SANTA TEREZA X CASTELO (CIRCULAR);Vila Real
363;VILA VALQUEIRE X CANDELÁRIA;Estrela
SV363;SV - VILA VALQUEIRE X CANDELÁRIA (VIA DIAS DA CRUZ);Estrela
364;JARDIM BANGU X TIRADENTES;Barra
365;MENDANHA X TIRADENTES (EXPRESSO);Barra
366;CAMPO GRANDE - TIRADENTES;Pégaso
SP366;SP - CAMPO GRANDE X CAJU;Pégaso
367;REALENGO X CAMERINO (VIA AVENIDA BRASIL-EXPRESSO);Barra
SV367;SV - REALENGO X CAMERINO (VIA AV. BRASIL- PARADOR);Barra
368;RIOCENTRO X CANDELÁRIA;POOL: Redentor - Redentor - Redentor
369;BANGU X CANDELARIA;POOL: Campo Grande - Campo Grande
370;PADRE MIGUEL X CANDELARIA;Campo Grande
371;PRACA SECA X PRACA TIRADENTES (CIRCULAR);Novacap
372;PAVUNA X PASSEIO (RAPIDO);América
373;PAVUNA X PASSEIO (CIRCULAR);América
374;PAVUNA X CASTELO (VIA COSTA BARROS) CIRCULAR;América
375;RICARDO DE ALBUQUERQUE X CARIOCA;Consórcio Internorte
376;PAVUNA X CANDELÁRIA (VIA RUA MERCURIO);América
SV376;SV - PAVUNA X CANDELÁRIA (VIA PARQUE COLUMBIA);América
377;PAVUNA X CASTELO(VIA COSTA BARROS) CIRCULAR;América
378;MARECHAL HERMES X CASTELO - CIRC.;POOL: Vila Real - Vila Real
SR378;SR - MARECHAL HERMES X CASTELO (RAPIDO) CIRCULAR;POOL: Vila Real - Vila Real
SP378;SP - GUADALUPE X CASTELO (CIRCULAR);Vila Real
379;CATIRI X TIRADENTES (SELETIVA);POOL: Barra - Barra
SV379;SV - CATIRI X TIRADENTES (VIA AV.BRASIL);Barra
380;CURICICAXCANDELARIA(V.L.AMARELA/ESTR.DO PAU FERRO);Litoral Rio
SV380;SV - CURICICA X CANDELARIA(VIA L.AMARELA);Litoral Rio
381;ANCHIETA X CIDADE UNIVERSITARIA (CIRCULAR);Consórcio Internorte
383;REALENGO X PÇA. DA REPUBLICA(VIA SULACAP);POOL: Barra - Barra - Barra
SP383;SP - JARDIM NOVO (REALENGO) X PRACA DA REPUBLICA;Barra
384;PAVUNA X PASSEIO;Pavunense
SPA384;SPA - GUADALUPE X PASSEIO;Pavunense
SPB384;SPB - LARGO DO CAMBOATA X PASSEIO;Pavunense
SPC384;SPC - PAVUNA X CANDELARIA(CIRCULAR);Pavunense
385;VILLAGE PAVUNA X PASSEIO (VIA CAMBOATA);Pavunense
SR385;SR - VILLAGE PAVUNA X PASSEIO (RAPIDO);Pavunense
SV385;SV - VILLAGE PAVUNA X PASSEIO(VIA AV.PRES.VARGAS);Pavunense
386;ANCHIETA X PASSEIO (VIA MARIOPOLIS);Pavunense
SP386;SP - PARQUE ANCHIETA X PASSEIO;Pavunense
388;SANTA CRUZ X CANDELARIA(V.AV. BRASIL - EXPRESSO);POOL: Consórcio Santa Cruz - Consórcio Santa Cruz
389;VILA ALIANÇA X CANDELARIA(VIA SENADOR CAMARA-EXPRESSO);Barra
SV389;SV - VILA ALIANCA X CANDELARIA(V.S.CAMARA-PARADOR);Barra
390;CURICICA X CANDELARIA(VIA GUERENGUE);Litoral Rio
SV390;SV - CURICICA X CANDELARIA(VIA ESTR.DO PAU FERRO);Litoral Rio
391;PADRE MIGUEL X PRACA TIRADENTES;Barra
392;BANGU X CANDELARIA(V.PADRE MIGUEL);Campo Grande
SN392;SN - BANGU X CANDELARIA(V.PADRE MIGUEL);Campo Grande
393;BANGU X CANDELÁRIA;Campo Grande
SR393;SR - BANGU X CANDELÁRIA (SELETIVA);Campo Grande
SN393;SN - BANGU X CANDELÁRIA;Campo Grande
SP393;SP - BANGU X CAJU;Campo Grande
394;V. KENNEDY X TIRADENTES -EXPRESSO;POOL: Barra - Barra
SV394;SV - VILA KENNEDY X TIRADENTES (PARADOR);POOL: Barra - Barra
395;COQUEIROS X TIRADENTES (EXPRESSO);POOL: Barra - Barra
SV395;SV - COQUEIROS X TIRADENTES (PARADOR);Barra
396;BAIRRO JABOUR X CANDELARIA(V.AV. BRASIL);Campo Grande
397;CAMPO GRANDE X CANDELARIA;Campo Grande
SR397;SR - CAMPO GRANDE X CANDELARIA(V.BANGU/P.SELETIVA);Campo Grande
SN397;SN - CAMPO GRANDE X CANDELARIA(V.BANGU);Campo Grande
SP397;SP - CAMPO GRANDE X CAJU;Campo Grande
398;CAMPO GRANDE X TIRADENTES(VIA AV. BRASIL);POOL: Pégaso - Pégaso
SR398;SR - CAMPO GRANDE X TIRADENTES (PISTA SELETIVA);POOL: Pégaso - Pégaso
SN398;SN - CAMPO GRANDE X TIRADENTES (V.AV.BRASIL);Pégaso
SP398;SP - CAMPO GRANDE X CAJU(V. AV. BRASIL);Pégaso
399;PAVUNA X PASSEIO (VIA AV.PRES.VARGAS E R.ALCOBACA);Pavunense
402;ENGENHO DA RAINHA X GAVEA;Estrela Azul
404;CORDOVIL X LEBLON (VIA AV. BRASIL - CIRCULAR);VG
SP404;SP - CAJU X LEBLON (VIA AV. BRASIL - CIRCULAR);VG
409;SAENS PENA X PRAIA DE BOTAFOGO(VIA LAPA)CIRCULAR;POOL: Graças - Graças
410;SAENS PENA X GAVEA(VIA TUNEL SANTA BARBARA);POOL: Transurb - Transurb
415;USINA X LEBLON (CIRCULAR);POOL: Alpha - Real - Alpha
416;SAENS PENA X J.BOTANICO (HORTO)(VIA T.REBOUCAS);POOL: Graças - Graças
422;GRAJAU X COSME VELHO;POOL: Transurb - Transurb - Transurb
426;USINA X JARDIM DE ALAH (VIA TUNEL SANTA BARBARA);POOL: Alpha - Alpha - Alpha
432;VILA ISABEL X GÁVEA (VIA TUNEL SANTA BÁRBARA);POOL: Vila Isabel - Vila Isabel - Vila Isabel
433;VILA ISABEL X PRADO JUNIOR (VIA LAPA)CIRCULAR;POOL: Vila Isabel - Vila Isabel - Vila Isabel
434;GRAJAU X SIQUEIRA CAMPOS (VIA LAPA/T.VELHO)CIRCULAR;POOL: Estrela Azul - Estrela Azul
435;GRAJAU X GAVEA (VIA TUNEL SANTA BARBARA);POOL: Estrela Azul - Estrela Azul
436;GRAJAU X LEBLON (VIA TUNEL REBOUCAS) - CIRCULAR;Estrela Azul
439;VILA ISABEL X LEBLON (V.T.REBOUCAS/JOQUEI)CIRCULAR;POOL: Vila Isabel - Vila Isabel - Vila Isabel
440;CAJU X COPACABANA (VIA T.REBOUCAS/T.VELHO)CIRCULAR;Real
441;CAJUXSIQUEIRA CAMPOS(V.S.CRISTOVAO/T.REBOUCAS)CIRC;Braso Lisboa
442;MARE X COPACABANA (VIA SANTO CRISTO) CIRCULAR;Real
443;MARE X LEBLON ( VIA CENTRAL) CIRCULAR;Real
444;MARE X COPACABANA (VIA T.SANTA BARBARA) CIRCULAR;Real
445;MORRO DO ALEMAO X COPACABANA(VIA T. S.BARBARA)CIRC;Braso Lisboa
448;MARACAI X SAO CONRADO (CIRCULAR);Tijuca
455;MEIER X COPACABANA (VIA ATERRO DO FLAMENGO);POOL: Viacao Verdun S/A - Viacao Verdun S/A - Viacao Verdun S/A - Real
SP455;SP - ENGENHO NOVO X COPACABANA (V. PQ. DO FLAMENGO;POOL: Viacao Verdun S/A - Real
SV455;SV - MEIER X COPACABANA(VIA T. REBOUCAS)CIRCULAR;Viacao Verdun S/A
456;NORTE SHOPPINGXSIQUEIRA CAMPOS(VIA T.STA.BARBARA);Acari
457;ABOLICAO X COPACABANA(VIA TUNEL STA. BARBARA)CIRC;POOL: Acari - Acari
460;SAO CRISTOVAO X LEBLON(VIA TUNEL REBOUCAS)CIRCULAR;Real
461;SAO CRISTOVAO X IPANEMA (VIA TUNEL REBOUCAS) CIRC;POOL: Braso Lisboa - Braso Lisboa
462;SAO CRISTOVAO X COPACABANA(VIA TUNEL REBOUCAS)CIRC;Real
463;SAO CRISTOVAO X COPACABANA(VIA T.REB./T.VELHO)CIRC;Real
464;MARACANA X SIQUEIRA CAMPOS (CIRCULAR);POOL: Estrela Azul - Estrela Azul
472;TRIAGEM X LEME (VIA TÚNEL VELHO);POOL: Braso Lisboa - Real - Braso Lisboa
SV472;SV - TRIAGEM X LEME (VIA RODOVIÁRIA/PRAIA DO FLAMENGO);POOL: Real - Braso Lisboa
473;SAO JANUARIO X SIQUEIRA CAMPOS(VIA T.REBOUCAS)CIRC;POOL: Braso Lisboa - Braso Lisboa
474;JACARE X COPACABANA(V.TUNEL STA.BARBARA)CIRCULAR;POOL: Braso Lisboa - Braso Lisboa
476;MEIER X LEBLON (VIA TUNEL REBOUCAS) CIRCULAR;Braso Lisboa
483;PENHA X SIQUEIRA CAMPOS(VIA T.STA. BARBARA);VG
485;PENHA X SIQUEIRA CAMPOS(V.L.VERMELHA/T.S.BARBARA);POOL: VG - VG
SP485;SP - PCA XI X FUNDAO;VG
486;FUNDAO X SIQUEIRA CAMPOS(VIA T. STA. BARBARA);VG
497;PENHA X LARANJEIRAS;VG
498;CIRCULAR DA PENHA X LARGO DO MACHADO(VIA T.STA. BÁRBARA);VG
SV498;SV - CIRCULAR DA PENHA X L. DO MACHADO(CJ.MARCILIO DIAS/T.STA. BÁRBARA);VG
SP498;SP - PENHA (IAPI) X L. DO MACHADO (VIA T. STA. BÁRBARA);VG
503;LEBLON X GAVEA (CIRCULAR);POOL: Braso Lisboa - Estrela Azul - São Silvestre
507;LARGO DO MACHADO X SILVESTRE;Transurb
508;HORTO X BOTAFOGO(VIA J. BOTANICO)CIRCULAR;Graças
509;HORTO X GAL. OSORIO(VIA LEBLON)CIRCULAR;Graças
513;URCA X FONTE DA SAUDADE (VIA MENA BARRETO)CIRCULAR;POOL: São Silvestre - Vila Isabel - VG - Consórcio Intersul
SP513;SP - URCA X BOTAFOGO (CIRCULAR);POOL: São Silvestre - Braso Lisboa
517;GÁVEA(PUC) X GLÓRIA (VIA FONTE DA SAUDADE) CIRCULAR;POOL: Vila Isabel - Vila Isabel - Vila Isabel
525;GENERAL OSORIO X ALVORADA;POOL: Jabour - Redentor - Real
537;GÁVEA (PUC) X ROCINHA (V. ESTR. DA GAVEA)CIRCULAR;Tijuca
538;ROCINHA X LEME(V. ESTR. DA GAVEA/JOQUEI)CIRCULAR;POOL: Real - São Silvestre
SP538;SP-ROCINHA X LEME(V.ESTR. DA GAVEA/JOQUEI)CIRCULAR;POOL: Real - São Silvestre
SN538;SN-ROCINHA X LEME(V.ESTR. DA GAVEA/JOQUEI)CIRCULAR;Real
539;ROCINHA X LEME(V.ESTR.DA GAVEA/COPACABANA)CIRCULAR;POOL: Alpha - Consórcio Intersul - Graças
SN539;SN-ROCINHAXLEME(V.ESTR.DAGAVEA/COPACABANA)CIRCULAR;Alpha
SP539;SP-ROCINHAXLEME(V.ESTR.DAGAVEA/COPACABANA)CIRCULAR;Alpha
548;ALVORADAXM.BOTAFOGO(V.AV.AMERICAS/J.BOTANICO)CIRC;POOL: Braso Lisboa - Real - Vila Isabel - Estrela Azul - São Silvestre - Graças
550;CIDADE DE DEUS X GAVEA;POOL: Futuro - Futuro
551;INTEGRADA 1 - RIO SUL X ALVORADA (VIA AV.ATLANTICA/LAGOA-BARRA/AV. DAS AMÉRICAS);POOL: Três Amigos - Consórcio Intersul - Litoral Rio - Redentor
552;INTEGRADA 2 - RIO SUL X ALVORADA (VIA AV.ATLANTICA/AV. NIEMEYER/AV. LUCIO COSTA);POOL: Redentor - Consórcio Intersul
553;INTEGRADA 8 - RIO SUL X RECREIO (VIA AV.ATLÂNTICA/LAGOA-BARRA/AV. DAS AMÉRICAS);POOL: Redentor - Real
SP553;INTEGRADA SP 8 - RIO SUL X BARRA SUL (VIA AV.ATLÂNTICA/LAGOA-BARRA/AV. DAS AMÉRICAS);Real
554;INTEGRADA 9 - RIO SUL X PIABAS (VIA AV. ATLANTICA/AV.NIEMEYER/AV. BENVINDO NOVAES);Redentor
555;RIO DAS PEDRAS X GAVEA;POOL: Futuro - Futuro - Futuro
556;RIO DAS PEDRAS X LEBLON (CIRCULAR);Futuro
557;RIO DAS PEDRAS X COPACABANA (CIRCULAR);Futuro
558;INTEGRADA 6 - GAL. OSORIO X CIDADE DE DEUS (VIA ITANHANGÁ);Futuro
565;TANQUE X GAVEA (VIA FREGUESIA);Futuro
580;LARGO DO MACHADO X COSME VELHO;São Silvestre
SP580;SP - LARGO DO MACHADO X LARANJEIRAS;São Silvestre
581;CIRCULAR 1 - LEBLON X COSME VELHO (VIA COPACABANA/URCA/LARGO DO MACHADO)CIRCULAR;POOL: São Silvestre - São Silvestre
582;CIRCULAR 2 - LEBLON X URCA (VIA J.BOTANICO/T. REBOUCAS/LARANJEIRAS) CIRCULAR;POOL: São Silvestre - São Silvestre
583;COSME VELHO X LEBLON (VIA JOQUEI) CIRCULAR;POOL: São Silvestre - São Silvestre
584;COSME VELHO X LEBLON (VIA COPACABANA) CIRCULAR;POOL: São Silvestre - São Silvestre
600;TAQUARA X PCA.SAENS PENA(VIA C.DEUS/AV M.CORTES);Litoral Rio
SV600;SV - TAQUARA X PCA. SAENS PENA(VIA EDGAR WERNECK);Litoral Rio
601;PCA SAENS PENA X TAQUARA (VIA AV. MENEZES CORTES);Litoral Rio
602;ANDARAI X SAENS PENA (CIRCULAR);Graças
603;USINA X SAENS PENA (VIA SAO MIGUEL);Tijuca
605;SAO FRANCISCO XAVIER X VILA ISABEL;Vila Isabel
606;ENGENHO DE DENTRO X RODOVIARIA;Matias
SV606;SV- ENGENHO DE DENTRO X RODOVIARIA(V.BOCA DO MATO);Matias
607;CASCADURA X RIO COMPRIDO (VIA ESTACIO) CIRCULAR;POOL: Acari - Acari - Acari
608;GRAJAU X PRACA SAENS PENA;POOL: Tijuca - Tijuca
609;MEIER X SAO FRANCISCO XAVIER;Três Amigos
610;DEL CASTILHO X TANQUE (VIA LINHA AMARELA);Redentor
611;CAMORIM X DEL CASTILHO (VIA CURICICA/ LINHA AMARELA);Litoral Rio
613;VARGEM GRANDEXDEL CASTILHO(VIA A.BUENO/L.AMARELA);Redentor
SP613;SP-RIO CENTROXDEL CASTILHO(VIA A.BUENO/L.AMARELA);Redentor
614;DEL CASTILHO X ALVORADA;Redentor
SE614;SE - DEL CASTILHO X ALVORA (VIA ENGENHAO);Redentor
615;PAVUNA X DEL CASTILHO(VIA N.SHOPPING) CIRCULAR;POOL: Pavunense - Pavunense - Pavunense
616;DEL CASTILHO X FUNDAO (VIA CIDADE UNIVERSITARIA);Ideal
617;RIO COMPRIDO X BENFICA (VIA SÃO CRISTÓVÃO)CIRCULAR;Alpha
621;PENHA X SAENS PENA (VIA MANGUEIRA) CIRCULAR;POOL: Lourdes - Lourdes
622;PENHA X SAENS PENA (VIA GRAJAU) CIRCULAR;POOL: Lourdes - Lourdes
623;PENHA X SAENS PENA (V. TUNEL NOEL ROSA)CIRCULAR;POOL: Lourdes - Lourdes
624;MARIOPOLIS X PRACA DA BANDEIRA;Novacap
625;OLARIA X SAENS PENA (CIRCULAR);Lourdes
626;SAENS PENA X MUDA;POOL: Alpha - Alpha
627;INHAUMA X SAENS PENA;POOL: Penha Rio - Penha Rio
628;PENHA X NOVA AMERICA(CIRCULAR);Lourdes
629;IRAJA X SAENS PENA;Caprichosa
630;PENHA(IAPI) X SAENS PENA;POOL: Penha Rio - Penha Rio
634;BANANAL X SAENS PENA;Paranapuan
635;BANANAL X SAENS PENA(V.L.VERMELHA/C.UNIVERSITARIA);Paranapuan
636;GARDÊNIA AZUL X S. PENA (VIA MADUREIRA);POOL: Redentor - Redentor
638;MARECHAL HERMES X SAENS PENA (CIRCULAR);POOL: Três Amigos - Três Amigos - Três Amigos
639;JARDIM AMERICA X SAENS PENA(VIA ROCHA MIRANDA);Caprichosa
650;MARECHAL HERMES X ENGENHO NOVO (CIRCULAR);POOL: Acari - Acari - Acari - Acari
651;MEIER X CASCADURA (VIA ARQUIAS CORDEIRO)CIRCULAR;POOL: Estrela - Estrela
652;MEIER X CASCADURA (VIA LINS) CIRCULAR;Estrela
653;MARECHAL HERMES X MEIER (CIRCULAR);Estrela
663;MEIER X FUNDAO (CIRCULAR);Ideal
665;PAVUNA X SAENS PENA(VIA PASTOR M. LUTHER KING JR.);POOL: América - América
SVB665;SVB - PAVUNA X SAENS PENA(VIA B.FILHO/COSTA BARROS;América
SVA665;SVA - PAVUNA X SAENS PENA;América
667;MADUREIRA X MEIER (CIRCULAR);POOL: Acari - Acari
669;PAVUNA X MEIER;Vila Real
SV669;SV - PAVUNA X MEIER (VIA CAMBOATA);Vila Real
673;PARADA DE LUCAS X PENHA (CIRCULAR);Lourdes
676;MEIER X MADUREIRA (VIA CASCADURA) CIRCULAR;Três Amigos
678;MEIER X VILA VALQUEIRE;POOL: Estrela - Estrela - Estrela
679;GROTAO X MEIER (CIRCULAR);Lourdes
680;PENHA (IAPI) X MEIER (CIRCULAR);Penha Rio
685;IRAJA X MEIER;POOL: Três Amigos - Três Amigos
SVA685;SVA- IRAJA X MEIER (VIA EMBAU);Três Amigos
SVB685;SVB- IRAJA X MEIER (VIA RUA URURAI);Três Amigos
686;FAZENDA DA BICA X MADUREIRA (CIRCULAR);Acari
687;PAVUNA X MEIER;POOL: Pavunense - Pavunense - Pavunense
SP687;SP - PAVUNA X INHAUMA;Pavunense
688;MEIER X PAVUNA (VIA RUA JOSE DOS REIS);Pavunense
690;MEIER X MADUREIRA;Translitoral Transporte Ltda.
691;MEIER X CIDADE DE DEUS(VIA TAQUARA/L.AMARELA);POOL: Redentor - Transurb - Transurb
692;MEIER X ALVORADA (VIA D.HELDER CAMARA / L.AMARELA);POOL: Redentor - Redentor
693;MEIER X ALVORADA (VIA R.DIAS DA CRUZ / L.AMARELA);POOL: Transurb - Redentor
696;MEIER X PRAIA DO DENDE;Ideal
SVA696;SVA - DENDE X MEIER (VIA AIRJ);Ideal
SVB696;SVB - MEIER X PRAIA DO DENDE (VIA C. UNIVERSITARIA;Ideal
702;PRACA SECA X MADUREIRA (CIRCULAR);Transportes Santa Maria Ltda.
709;CASCADURA X AMARELINHO (CIRCULAR);Três Amigos
711;ROCHA MIRANDA X RIO COMPRIDO;Estrela
712;CASCADURA X IRAJA (CIRCULAR);POOL: Três Amigos - Três Amigos - Três Amigos
723;CASCADURA X MARIOPOLIS;Novacap
725;RICARDO DE ALBUQUERQUE X CASCADURA (CIRCULAR);Barra
727;PAVUNA X JAVATA;POOL: Pavunense - Pavunense - Vila Real
731;CAMPO GRANDE X MARECHAL HERMES (VIA EST. DA POSSE);Barra
737;SANTISSIMO X MARECHAL HERMES (CIRCULAR);Barra
SN737;SN - SANTISSIMO X MARECHAL HERMES (CIRCULAR);Barra
738;URUCANIA X MARECHAL HERMES;Pégaso
739;SULACAP X BANGU;POOL: Barra - Barra
741;BARATA X BANGU (VIA MURUNDU) CIRCULAR;Barra
SN741;SN - BARATA X BANGU (VIA MURUNDU) CIRCULAR;Barra
742;BARATA X CASCADURA;Barra
743;BARATA X BANGU (VIA AGUA BRANCA) CIRCULAR;Barra
744;REALENGO X CASCADURA (VIA JARDIM NOVO);Barra
SN744;SN - REALENGO X CASCADURA (VIA JARDIM NOVO);Barra
745;BANGU X CASCADURA;Barra
SN745;SN - BANGU X CASCADURA;Barra
746;JABOUR X CASCADURA;POOL: Barra - Barra
751;JARDIM NOVO REALENGO X CASCADURA;Barra
752;CONJUNTO DOS PALMARES X COELHO NETO;Barra
755;REALENGO X COELHO NETO (CIRCULAR);Barra
756;SANTA CRUZ X COELHO NETO;POOL: Barra - Barra
759;CESARAO X COELHO NETO;Campo Grande
767;CAMPO GRANDE X GUADALUPE (VIA V.KENNEDY) CIRCULAR;Barra
769;JARDIM VIOLETA X MADUREIRA (VIA BANGU) CIRCULAR;POOL: Jabour - Jabour
770;CAMPO GRANDE X COELHO NETO (METRO)CIRCULAR;Pégaso
771;CAMPO GRANDE X COELHO NETO(METRO)CIRCULAR;Pégaso
772;BANGU X COELHO NETO(CIRCULAR);Campo Grande
773;CASCADURA X PAVUNA( VIA CAMBOATA) CIRCULAR;POOL: Vila Real - Vila Real - Vila Real
774;MADUREIRA X JARDIM AMERICA (CIRCULAR);POOL: Caprichosa - Caprichosa - Caprichosa
SV774;SV-MADUREIRAXJ.AMERICA(V.SHOPPING VIA BRASIL)CIRC.;POOL: Caprichosa - Caprichosa
775;JARDIM AMERICA X MADUREIRA (CIRCULAR);POOL: Caprichosa - Caprichosa
777;PADRE MIGUEL X MADUREIRA;POOL: Barra - Barra - Barra
SV777;SV - PADRE MIGUEL X MADUREIRA (VIA RUA DO GOVERNO);POOL: Barra - Barra
SN777;SN - PADRE MIGUEL X MADUREIRA;Barra
778;CASCADURA X PAVUNA (V. ESTR.DE BOTAFOGO)CIRCULAR;POOL: Vila Real - Vila Real
779;PAVUNA X MADUREIRA (VIA RUA JOAO VICENTE);POOL: Pavunense - Pavunense - Pavunense
SV779;SV - PAVUNA X MADUREIRA (VIA RUA MARINA);POOL: Pavunense - Pavunense
781;CASCADURA X MARECHAL HERMES (VIA PRACA SECA)CIRC;POOL: Três Amigos - Três Amigos - Três Amigos
782;CASCADURA X MARECHAL HERMES(V. ROCHA MIRANDA)CIRC.;POOL: Três Amigos - Três Amigos - Três Amigos
783;MARECHAL HERMES X PRACA SECA(CIRCULAR);POOL: Três Amigos - Três Amigos
784;VILA KENNEDY X MARECHAL HERMES;Barra
786;CAMPO GRANDE X MARECHAL HERMES;POOL: Campo Grande - Campo Grande
SN786;SN - CAMPO GRANDE X MARECHAL HERMES;Campo Grande
789;CAMPO GRANDE X CASCADURA;Campo Grande
SN789;SN - CAMPO GRANDE X CASCADURA;Campo Grande
790;CAMPO GRANDE X CASCADURA;POOL: Pégaso - Barra
SV790;SV - CAMPO GRANDE X CASCADURA (VIA VILA ALIANCA);POOL: Pégaso - Barra
793;PAVUNA X MAGALHAES BASTOS;POOL: Pavunense - Pavunense
794;CASCADURA X BANGU (VIA BARATA);POOL: Barra - Barra - Barra
795;PAVUNA X MAGALHAES BASTOS (VIA MARIOPOLIS);POOL: Pavunense - Pavunense - Pavunense
800;TAQUARA X CURICICA (VIA GUERENGUE) CIRCULAR;Transportes Santa Maria Ltda.
801;BANGU X TAQUARA;POOL: Barra - Barra
802;BANGU X CAMPO GRANDE (VIA RIO DA PRATA);Jabour
803;SENADOR CAMARA X TAQUARA(VIA CATONHO);Barra
SN803;SN - SENADOR CAMARA X ALVORADA;Barra
SP803;SP - SENADOR CAMARA X MERCK;Barra
804;LARGO DO AARAO X CAMPO GRANDE (VIA FELIPE CARDOSO);POOL: Pégaso - Pégaso - Pégaso
805;ALVORADA X JARDIM OCEÂNICO;Tijuca
806;BOIUNA X TAQUARA (VIA RIO GRANDE);Transportes Santa Maria Ltda.
807;JESUITAS X SANTA CRUZ (CIRCULAR);Palmares
808;COLONIA X RECREIO (VIA CURICICA)CIRCULAR;Transportes Santa Maria Ltda.
810;PONTAL X TAQUARA;POOL: Transportes Santa Maria Ltda. - Redentor
811;BANGU X PRESIDIO;Barra
812;CAROBINHA X BANGU;Barra
813;MANGUARIBA X SANTA CRUZ (CIRCULAR);Palmares
814;RIO DA PRATA X BANGU (CIRCULAR);Jabour
815;BOIUNA X TAQUARA;POOL: Translitoral Transporte Ltda. - Transportes Santa Maria Ltda.
816;CAPELA X TAQUARA;Litoral Rio
817;VARGEM GRANDE X RECREIO (VIA ALCEU DE CARVALHO/AV. GLÁUCIO GIL) CIRCULAR;Litoral Rio
819;JARDIM BANGU X BANGU;POOL: Campo Grande - Campo Grande
820;RECREIO SHOPPINGXEST.GLAUCIO GIL(V.ESTR.PONTAL)CIR;Translitoral Transporte Ltda.
821;CORCUNDINHA X CAMPO GRANDE(VIA CAPOEIRAS)CIRCULAR;Palmares
822;CORCUNDINHA X CAMPO GRANDE(VIA VILA NOVA)CIRCULAR;Palmares
823;V.GRANDE x RECREIO (VIA ESTRADA DO PONTAL) - CIRCULAR;Litoral Rio
SN823;SN - VARGEM GRANDE X RECREIO (VIA ESTRADA DO PONTAL) CIRCULAR;Litoral Rio
824;SANTA MARIA(VILA NOVA) X CAMPO GRANDE (CIRCULAR);Pégaso
825;CAMPO GRANDE X JESUITAS (VIA SANTA CRUZ -CIRCULAR);Palmares
826;CAROBINHA X C. GRANDE(V.ESTR. DO LAMEIRAO)CIRCULAR;POOL: Pégaso - Barra - Campo Grande - Jabour
827;V.GRANDE X RECREIO(AV.BENVINDO NOVAES/AV.G.GIL)CIR;Litoral Rio
SN827;SN - VARGEM GRANDE X RECREIO (VIA AV. BENVINDO DE NOVAES/ AV. GLÁUCIO GIL) CIRCULAR;Litoral Rio
828;SAO JORGE X CAMPO GRANDE(CIRCULAR);Pégaso
829;GARDENIA AZUL X FREGUESIA(CIRCULAR);Redentor
830;PEDREGOSO X CAMPO GRANDE (CIRCULAR);Pégaso
831;COLONIA X TAQUARA;Transportes Santa Maria Ltda.
832;COLONIA X HOSP. SARAH(VIA CURICICA)CIRCULAR;Transportes Santa Maria Ltda.
SE832;SE - RIO CENTRO X ALVORADA (CIRCULAR);Transportes Santa Maria Ltda.
833;CONJUNTO MANGUARIBA X CAMPO GRANDE;Palmares
834;LARGO DO CORREIA X CAMPO GRANDE (V.ESTR.MONTEIRO);Jabour
835;LARGO DO CORREIA X CAMPO GRANDE (VIA CACHAMORRA);POOL: Jabour - Jabour
836;CABOCLOS X CAMPO GRANDE (CIRCULAR);Jabour
837;CONJUNTO DA MARINHA X CAMPO GRANDE;Jabour
838;JARDIM MARAVILHA X CAMPO GRANDE;POOL: Jabour - Jabour - Jabour
SN838;SN - JARDIM MARAVILHA X CAMPO GRANDE;Jabour
SP838;SP - JARDIM MARAVILHA X MAGARCA;Jabour
839;CESARAO X CAMPO GRANDE (VIA URUCANIA) CIRCULAR;Palmares
SN839;SN - CESARAO X CAMPO GRANDE(VIA URUCANIA) CIRCULAR;Palmares
840;SAO FERNANDO X CAMPO GRANDE (VIA AV JOAO XXIII);Palmares
SN840;SN - SAO FERNANDO X CAMPO GRANDE(VIA AV.JOAO XXIII;Palmares
841;VILAR CARIOCA X CAMPO GRANDE;Palmares
SN841;SN - VILAR CARIOCA X CAMPO GRANDE;Palmares
SP841;SP - SALIM X CAMPO GRANDE (CIRCULAR);Palmares
842;PACIENCIA X CAMPO GRANDE (VIA SANTA MARGARIDA);Palmares
843;BOA ESPERANCA X CAMPO GRANDE (CIRCULAR);Jabour
SV843;SV - BOA ESPERANCA X CAMPO GRANDE(V.E.CACHAMORRA);Jabour
844;BARRA SHOPPING X BARRINHA(CIRCULAR);Redentor
845;CANTAGALO X CAMPO GRANDE (CIRCULAR);Jabour
846;RIO DA PRATA X CAMPO GRANDE (VIA CABUCU);Campo Grande
SN846;SN - RIO DA PRATA X CAMPO GRANDE (VIA CABUCU);Campo Grande
847;RIO DA PRATA X CAMPO GRANDE (VIA LAMEIRAO);Campo Grande
848;BAIRRO MONTE SANTO X CAMPO GRANDE (CIRCULAR);Campo Grande
849;BASE AEREA DE SANTA CRUZ X CAMPO GRANDE;Palmares
850;MENDANHA X CAMPO GRANDE;POOL: Pégaso - Pégaso
SN850;SN - MENDANHA X CAMPO GRANDE;Pégaso
SP850;SP - SAO GERALDO X CAMPO GRANDE;Pégaso
851;C.GRANDE X ESC.AMAZONAS (VIA A.VASCONCELOS)CIRC.;Jabour
852;C.GRANDE X PEDRA DE GUARATIBA (V.MATO ALTO-CIRC);POOL: Jabour - Jabour
853;VILA KENNEDY X ESTACAO BRT MATO ALTO(CIRCULAR);Jabour
SV853;SV-VILA KENNEDY X EST. MATO ALTO (V.S.GERALDO)CIRC;Jabour
854;C.GRANDE X EST.I.GUARATIBA(V.ESTR.CACHAMORRA)CIRC.;Jabour
SN854;SN-C.GRANDE X EST.I.GUARATIBA(V.ESTR.CACHAMORRA)CI;Jabour
SPA854;SPA - CAMPO GRANDE X ESTR. MATO ALTO (CIRCULAR);Jabour
SPB854;SPB - ESTR. MATO ALTO X ESTR.I. DE GUARATIBA)CIRC.;Jabour
855;BANGU X MAGARCA (VIA AV. SANTA CRUZ)CIRCULAR;POOL: Jabour - Jabour
856;CURICICA X TAQUARA (CIRCULAR);Transportes Santa Maria Ltda.
857;JARDIM 7 DE ABRIL X PACIENCIA(V. GOUVEIA)CIRCULAR;Consórcio Santa Cruz
858;SAO FERNANDO X PACIENCIA (CIRCULAR);POOL: Pégaso - Campo Grande
859;COVANCA X LARGO DO TANQUE (CIRCULAR);Litoral Rio
860;RIO DAS PEDRAS X FREGUESIA (CIRCULAR);Futuro
861;RIO DAS PEDRAS X CURICICA (VIA CIDADE DE DEUS);Redentor
862;RIO DAS PEDRAS X BARRA(VIA ESTR.JACAREPAGUA)CIRC.;POOL: Redentor - Redentor
863;RIO DAS PEDRAS X BARRA(VIA AV. AYRTON SENNA)CIRC.;Redentor
864;BANGU X CAMPO GRANDE;Jabour
865;PAU DA FOME X TAQUARA (VIA RODRIGUES CALDAS)CIRC;Transportes Santa Maria Ltda.
866;CAMPO GRANDE X PEDRA DE GUARATIBA(V. MAGARCA)CIRC.;POOL: Jabour - Jabour
SV866;SV - CINCO MARIAS X CAMPO GRANDE (CIRCULAR);Jabour
867;BARRA DE GUARATIBA X CAMPO GRANDE(V.ILHA GUARATIBA;POOL: Jabour - Jabour - Jabour
SE867;SE -BARRA DE GUARATIBA X CAMPO GRANDE (V. AMERICAS;Jabour
SN867;SN -BARRA DE GUARATIBA X C.GRANDE(V.ILHA GUARATIBA;Jabour
868;URUCANIA X CAMPO GRANDE;Palmares
869;SANTA MARGARIDA X CAMPO GRANDE (CIRCULAR);Palmares
870;SEPETIBA X SANTA CRUZ (CIRCULAR);POOL: Campo Grande - Pégaso
SV870;SV - SEPETIBA X SANTA CRUZ(VIA CROACIA)CIRCULAR;Barra
871;SEPETIBA X ESTACAO CESARAO III(V.CROACIA)CIRCULAR;POOL: Jabour - Consórcio Santa Cruz
872;SEPETIBA X ESTACAO CESARAOIII(V.PRAIA SEPETIBA)CIR;POOL: Jabour - Consórcio Santa Cruz
873;JARDIM 7 DE ABRILXPACIENCIA(V.CESARIO DE MELO)CIRC;Pégaso
874;MARAMBAIA X ESTACAO ILHA DE GUARATIBA(CIRCULAR);Jabour
875;PRACA SECA X CHACARA (CIRCULAR);POOL: Futuro - Transportes Santa Maria Ltda.
877;TANQUE X RIO DAS PEDRAS(CIRCULAR);Futuro
878;TANQUE X BARRA DA TIJUCA(V.AV.ENG.SOUZA FILHO)CIRC;POOL: Barra - Barra
SV878;SV-TANQUE X B. DA TIJUCA(V.ESTR.DE JACAREPAGUA)CIR;POOL: Barra - Barra
879;CAMPO GRANDE X MAGARCA(CIRCULAR);Pégaso
880;RIO DAS PEDRAS X ALVORADA;Litoral Rio
882;TANQUE X ALVORADA (VIA FREGUESIA);Futuro
883;BANGU X EST.MATO ALTO(VIA ESTRADA DO PRE)CIRCULAR;Jabour
884;SEPETIBA X CAMPO GRANDE;POOL: Jabour - Jabour - Jabour
SP884;SP - SEPETIBA X MAGAR?A;Jabour
885;PIRAQUE X SANTA CRUZ (VIA PEDRA DE GUARATIBA);Pégaso
886;FREGUESIA X BARRA DA TIJUCA (CIRCULAR);Futuro
887;PECHINCHA X BARRA DA TIJUCA (CIRCULAR);Redentor
888;ALVORADA X JOATINGA(VIA ERICO VERISSIMO)CIRCULAR;Redentor
889;SULACAP X TAQUARA;Barra
890;TANQUE X ALVORADA(VIA CIDADE DE DEUS);Translitoral Transporte Ltda.
891;SEPETIBA X MATO ALTO (VIA PRAIA DA BRISA)CIRCULAR;Pégaso
892;SAO BENEDITO X SANTA CRUZ(VIA MATADOURO)CIRCULAR;Palmares
893;JARDIM PALMARES X CAMPO GRANDE (VIA 29 DE MARCO);Palmares
894;SANTA RITA X CAMPO GRANDE (CIRCULAR);Campo Grande
895;SERRINHA X CAMPO GRANDE (CIRCULAR);Pégaso
896;PINGO D'AGUA X EST.MATO ALTO(V.P.DE GUARATIBA)CIRC;Pégaso
897;ALVORADA X VIA PARQUE (VIA PENINSULA)CIRCULAR;POOL: Redentor - Tijuca - Transportes Santa Maria Ltda. - Translitoral Transporte Ltda.
898;SEPETIBA X CAMPO GRANDE (VIA ESTR. DO CAMPINHO);POOL: Pégaso - Pégaso
SN898;SN - SEPETIBA X CAMPO GRANDE (V. ESTR. DO CAMPINHO;Pégaso
899;ALVORADA X JOATINGA (CIRCULAR);POOL: Redentor - Litoral Rio - Transportes Santa Maria Ltda. - Consórcio Transcarioca
SP899;SP - ALVORADA X DOWNTOWN (CIRCULAR);POOL: Litoral Rio - Transportes Santa Maria Ltda.
900;MERCK X DOWNTOWN (CIRCULAR);POOL: Litoral Rio - Futuro
901;BONSUCESSO X BANANAL (VIA JARDIM GUANABARA);Paranapuan
SV901;SV - BONSUCESSO X BANANAL (VIA CACUIA);Paranapuan
905;BONSUCESSO X IRAJA;POOL: Caprichosa - Caprichosa
SVA905;SVA - BONSUCESSO X IRAJA (VIA AMARELINHO);Caprichosa
SVB905;SVB - IRAJA X HOSP.CLINICAS(V.C.UNIVERSITARIA)CIRC;Caprichosa
SVC905;SVC - BONSUCESSO X IRAJA(VIA SHOPPING VIA BRASIL);Caprichosa
906;JARDIM AMERICA X CAJU;VG
908;BONSUCESSO X GUADALUPE (VIA METRO INHAUMA);POOL: Vila Real - Vila Real - Vila Real
SV908;SV - BONSUCESSO X GUADALUPE;POOL: Vila Real - Vila Real - Vila Real
910;BANANAL X FUNDAO (CIRCULAR);Paranapuan
911;BONSUCESSO X CIDADE UNIVERSITARIA (CIRCULAR);Paranapuan
912;VAZ LOBO X CAMPEOES (CIRCULAR);Paranapuan
913;DEL CASTILHO X FUNDAO (VIA CIDADE UNIVERSITARIA);Paranapuan
914;BANANAL X JARDIM AMERICA(CIRCULAR);Paranapuan
915;BONSUCESSO X AIRJ (CIRCULAR);Paranapuan
917;REALENGO X BONSUCESSO;Novacap
SV917;SV - REALENGO X BONSUCESSO(VIA RUA MARINA);Novacap
918;BANGU X BONSUCESSO (VIA JARDIM VIOLETA);POOL: Jabour - Jabour - Jabour
919;PAVUNA X BONSUCESSO (PARQUE UNIAO);Gire
SV919;SV - PAVUNA X BONSUCESSO(VIA VILA KOSMOS);Gire
920;PAVUNA X BONSUCESSO (VIA FAZENDA BOTAFOGO);Gire
SV920;SV - PAVUNA X BONSUCESSO (VIA SHOPPING VIA BRASIL);Gire
921;VILA CRUZEIRO X LARGO DA PENHA (CIRCULAR);Três Amigos
922;TUBIACANGA X AER. INTERNACIONAL(CIRCULAR)VIA LIGHT;Paranapuan
923;JARDIM VIOLETA X IAPI DA PENHA (VIA BANGU);Campo Grande
924;AEROPORTO X BANANAL;Paranapuan
925;AEROPORTO X BANCARIOS (CIRCULAR);Ideal
926;SENADOR CAMARA X PENHA;POOL: Barra - Consórcio Santa Cruz
928;MARECHAL HERMES X RAMOS ( CIRCULAR );POOL: Madureira Candelária - Madureira Candelária
SV928;SV - MARECHAL HERMES X RAMOS(V.AV. MERITI)CIRCULAR;Madureira Candelária
SP928;SP - MARECHAL HERMES X MADUREIRA (CIRCULAR);Madureira Candelária
931;CURICICA X RECREIO (VIA ARROIO PAVUNA)CIRCULAR;Transportes Santa Maria Ltda.
932;GARDENIA AZUL X TANQUE (VIA PAU FERRO);Futuro
933;CATIRI X CIDADE UNIVERSITARIA (VIA BANGU);POOL: Barra - Barra
934;RIBEIRA X PORTUGUESA (VIA COCOTA) CIRCULAR;Paranapuan
935;RIBEIRA X PORTUGUESA (CIRCULAR);Ideal
936;CAMPO GRANDE X CIDADE UNIVERSITARIA;POOL: Barra - Barra - Barra
940;RAMOS (PRAIA) X MADUREIRA;POOL: Caprichosa - Caprichosa
SV940;SV - RAMOS(PRAIA) X PARQUE MADUREIRA;Caprichosa
942;PENHA X PAVUNA;POOL: Gire - Gire
SV942;SV - PENHA X PAVUNA (VIA SHOPPING VIA BRASIL);Gire
944;PAVUNA X CONJ. ENGENHEIRO RUBENS PAIVA (CIRCULAR);Pavunense
SV944;SV -PAVUNA X CJ.ENG.RUBENS PAIVA(V.S.A.ERNESTO)CIR;Pavunense
945;PAVUNA X CIDADE UNIVERSITARIA;Pavunense
946;PAVUNA X ENGENHO DA RAINHA(AV. DOM HELDER CAMARA);Pavunense
947;PAVUNA X COELHO NETO (VIA DEODORO) CIRCULAR;Consórcio Internorte
950;V.CARVALHO X V.ALEGRE(AV.MERITI/S.VIA BRASIL)CIRC.;Caprichosa
951;V.CARVALHOXV.ALEGRE(V.CEL.VIEIRA/SHOP.V.BRASIL)CIR;Caprichosa
953;TAQUARA X CIDADE DE DEUS(VIA RETIRO DOS ARTISTAS);Redentor
954;CURICICA X RECREIO(VIA AV. BENVINDO DE NOVAES);Transportes Santa Maria Ltda.
955;MARE X ALVORADA (VIA LINHA AMARELA);POOL: Real - Real
956;PENHA X INVERNADA (VIA PENHA) CIRCULAR;Três Amigos
959;CURICICA X RECREIO (VIA AV. SALVADOR ALLENDE);Transportes Santa Maria Ltda.
963;SANTA MARIA X TAQUARA;Transportes Santa Maria Ltda.
964;PAU DA FOME X TAQUARA(VIA MERINGUAVA);Transportes Santa Maria Ltda.
966;TANQUE X HOSPITAL CARDOSO FONTES(CIRCULAR);Redentor
991;TAQUARA X ALVORADA (VIA CIDADE DE DEUS);POOL: Redentor - Translitoral Transporte Ltda.
2014;GAVEA X RODOVIÁRIA;Premium
2015;CASTELO X LEBLON (CIRCULAR);POOL: Premium - Premium
SE2016;AEROPORTO DO GALEÃO X PÇA. GENERAL OSÓRIO;Premium
2017;RODOVIARIA X LEBLON (CIRCULAR);POOL: Premium - Premium
2018;AEROPORTO INTERNACIONAL DO RJ X ALVORADA;Premium
2020;PENINSULA X RODOVIARIA;Premium
2101;AEROPORTO INTERNACIONAL X AEROPORTO S.DUMONT(V.L.VERMELHA);Premium
2110;GADERNIA AZUL X CASTELO;Redentor
2111;PRACA SECA X CASTELO( VIA AV. MENEZES CORTES);Redentor
2112;TAQUARA X CASTELO (VIA LINHA AMARELA);Redentor
2114;FREGUESIA X CASTELO;Redentor
2115;PECHINCHA X CASTELO (VIA ITANHANGA);Redentor
2145;AEROPORTO INTERNACIONAL X AEROPORTO SANTOS DUMONT (VIA AV. PRES. VARGAS);POOL: Premium - Premium
2203;GRAJAU X CASTELO (CIRCULAR);Graças
2251;ENGENHO DE DENTRO X CARIOCA (EXPRESSO);Matias
2303;CESARAO X CARIOCA;Recreio
2305;JARDIM AMERICA X CASTELO;POOL: Pavunense - Pavunense
2307;JARDIM 7 DE ABRIL X CARIOCA (VIA AV.PRES. VARGAS);Pégaso
2308;COSMOS X CARIOCA;Recreio
2309;URUCANIA X CARIOCA;Pégaso
2310;BANGU X CASTELO;Campo Grande
2329;RECREIO X CASTELO (VIA AV.LUCIO COSTA);Recreio
2330;RODOVIARIA X B.DA TIJUCA(V.LINHA AMARELA);Tijuca
2332;CAMPO GRANDE X CASTELO (VIA AV. SANTA CRUZ);Jabour
2333;RECREIO X CASTELO (VIA AV.DAS AMERICAS);Recreio
SV2333;SV-RECREIOXCASTELO(V.AV.DASAMERICAS/GUIOMARNOVAES);Recreio
2334;CAMPO GRANDE X CASTELO;Jabour
SV2334;SV - C.GRANDE X CASTELO (V.CACHAMORRA E B. TIJUCA);Jabour
2335;SANTA CRUZ X CASTELO (VIA BARRA DA TIJUCA);Recreio
2336;CAMPO GRANDE X CASTELO (VIA AV. BRASIL);Pégaso
2337;SANTA CRUZ X CASTELO (VIA SEPETIBA);Recreio
2338;CAMPO GRANDE X CASTELO (VIA ESTRADA DO MAGARCA);Jabour
2339;CAMPO GRANDE X CASTELO(VIA ESTR. DA POSSE);Pégaso
2342;BANANAL X CASTELO(VIA LINHA VERMELHA);Paranapuan
2343;RIBEIRA X CASTELO(VIA LINHA VERMELHA);Ideal
2344;BANCARIOS X CASTELO (VIA L. VERMELHA);Ideal
2345;V.VALQUEIRE X CASTELO(V.NORTE SHOPPING/R.QUIRIRIM);Normandy
SVA2345;SVA- VILA VALQUEIRE X CASTELO(V. NORTE SHOPPING);Normandy
SVB2345;SVB-V.VALQUEIREXCASTELO(V.PCA.BANDEIRA);Normandy
2381;PEDRA DE GUARATIBA X CASTELO;Jabour
SV2381;SV - PEDRA DE GUARATIBA X CASTELO (VIA MATO ALTO);Jabour
SP2381;SP - JARDIM MARAVILHA X CASTELO;Jabour
2801;CAMPO GRANDE X BARRA DA TIJUCA (VIA ESTR.MAGARCA);Jabour
2802;SANTA CRUZ X BARRA DA TIJUCA (VIA AV.AMERICAS);POOL: Recreio - Recreio
2803;VILA KENNEDY X ALVORADA;Jabour
2804;BANGU X BARRA DA TIJUCA(VIA CACHAMORRA);Jabour
2918;AEROPORTO INTERNACIONAL RJ X ALVORADA(V.L.AMARELA);Premium
5700;GALEAO X ALVORADA (RAPIDO);BRT TRANSCARIOCA
TR0NCAL 0NC;;
SN5700;SN- GALEAO X ALVORADA (RAPIDO);BRT TRANSCARIOCA
TR0NCAL 0;;
5701;MADUREIRA X ALVORADA (EXPRESSO);BRT TRANSCARIOCA
TR0NCAL 0NC;;
SP5701;SP - TANQUE X ALVORADA (EXPRESSO);BRT TRANSCARIOCA
TR0NCAL 0;;
5702;MADUREIRA X ALVORADA (PARADOR);BRT TRANSCARIOCA
TR0NCAL 0NC;;
5703;STA. EFIGENIA X PENHA (EXPRESSO);BRT TRANSCARIOCA
TR0NCAL 0NC;;
5704;FUNDAO X ALVORADA (EXPRESSO);BRT TRANSCARIOCA
TR0NCAL 0NC;;
SN5704;SN - FUNDAO X ALVORADA (PARADOR);BRT TRANSCARIOCA
TR0NCAL 0;;
5705;FUNDAO X MADUREIRA(PARADOR);BRT TRANSCARIOCA
TR0NCAL 0NC;;
5800;SANTA CRUZ X ALVORADA (DIRETO/EXPRESSO);BRT TRANSOESTE
TR0NCAL 0NC;;
5801;PINGO D`AGUA X ALVORADA (DIRETO/EXPRESSO);BRT TRANSOESTE
TR0NCAL 0NC;;
5802;MATO ALTO X ALVORADA -DIRETO/EXPRESSO;BRT TRANSOESTE
TR0NCAL 0NC;;
5803;MATO ALTO X ALVORADA (PARADOR);BRT TRANSOESTE
TR0NCAL 0NC;;
SP5803;SP - MATO ALTO X SALVADOR ALLENDE (EXPRESSO);BRT TRANSOESTE
TR0NCAL 0;;
5804;PACIENCIA X SALVADOR ALLENDE (EXPRESSO);BRT TRANSOESTE
TR0NCAL 0NC;;
5805;SANTA CRUZ X CAMPO GRANDE(PARADOR);BRT TRANSOESTE
TR0NCAL 0NC;;
5806;RECREIO X ALVORADA (EXPRESSO);BRT TRANSOESTE
TR0NCAL 0NC;;
5807;PINGO D'AGUA X SALVADOR ALLENDE (EXPRESSO);BRT TRANSOESTE
TR0NCAL 0NC;;
5808;SANTA CRUZ X SALVADOR ALLENDE (EXPRESSO);BRT TRANSOESTE
TR0NCAL 0NC;;
